Movie,Level
10_Cloverfield_lane(2016),B1
10_things_I_hate_about_you(1999),B1
A_knights_tale(2001),B2
A_star_is_born(2018),B2
Aladdin(1992),A2/A2+
All_dogs_go_to_heaven(1989),A2/A2+
An_American_tail(1986),A2/A2+
Babe(1995),A2/A2+
Back_to_the_future(1985),A2/A2+
Banking_On_Bitcoin(2016),C1
Batman_begins(2005),A2/A2+
Beauty_and_the_beast(2017),B2
Before_I_go_to_sleep(2014),B2
Before_sunrise(1995),"B1, B2"
Before_sunset(2004),"B1, B2"
Braveheart(1995),B2
Bridget_Jones_diary(2001),"B1, B2"
Bridget_Joness_Baby,C1
Cars(2006),B1
Cast_away(2000),A2/A2+
Catch_me_if_you_can(2002),"B1, B2"
Charlie_and_the_Chocolate_Factory,B1
Cinderella(1950),B1
Clueless(1995),B1
Deadpool(2016),B2
Despicable_Me(2010),B2
Die_hard(1988),B1
Dredd(2012),A2/A2+
Dune(2021),B2
Enola_Holmes(2020),B2
Entrapment,B2
Eurovision_song_contest_(2020),A2/A2+
Ferdinand(2017),B1
Fight_club(1999),B2
Finding_Nemo(2003),A2/A2+
Forrest_Gump(1994),"A2/A2+, B1"
Good_Will_Hunting(1997),B2
Groundhog_day(1993),B1
Powder(1995),B1
Her(2013),"A2/A2+, B1"
Home_alone(1990),B1
Hook(1991),A2/A2+
House_of_Gucci(2021),B2
Inside_out(2015),B1
Its_a_wonderful_life(1946),A2/A2+
Klaus(2019),C1
Knives_out(2019),B2
Kubo_and_the_two_strings(2016),A2/A2+
Liar_liar(1997),B1
Lion(2016),"B1, B2"
Logan(2017),B1
Love_actually(2003),B1
Made_of_Honor(2008),B2
Mamma_Mia(2008),B1
Mary_Poppins_returns(2018),B1
Matilda(1996),B1
Meet_the_parents(2000),B1
Milada(2017),B1
Mona_Lisa_Smile(2003),B2
Moulin_Rouge(2001),"A2/A2+, B1"
Mrs_Doubtfire(1993),B1
My_big_fat_Greek_wedding(2002),A2/A2+
Notting_Hill(1999),B1
Oceans_Eleven(2001),C1
Oceans_Twelve(2004),C1
Pirates_of_the_Caribbean(2003),B1
Pleasantville(1998),B1
Pulp_fiction(1994),B2
Ratatouille(2007),B2
Ready_or_not(2019),A2/A2+
Shrek(2001),B1
Sleepless_in_Seattle(1993),A2/A2+
Soul(2020),B1
The_blind_side(2009),B2
The_Devil_Wears_Prad,B2
The_Fundamentals_of_Caring(2016),B1
The_greatest_showman(2017),A2/A2+
The_Intern(2015),B2
The_Legend_of_Tarzan(2016),C1
The Secret Life of Pets.en,B2
The_Shawshank_redemption(1994),"B1, B2"
The_terminal(2004),B1
The_break-up(2006),A2/A2+
The_cabin_in_the_woods(2012),A2/A2+
The_fault_in_our_stars(2014),"A2/A2+, B1"
The_graduate(1967),"B1, B2"
The_hangover(2009),B2
The_holiday(2006),B1
The_invisible_man(2020),A2/A2+
The_jungle_book(2016),A2/A2+
The_kings_speech(2010),B2
The_lion_king(1994),A2/A2+
The_lord_of_the_rings(2001),"B1, B2"
The_man_called_Flintstone(1966),A2/A2+
The_secret_life_of_Walter_Mitty(2013),B1
The_social_network(2010),B2
The_terminator(1984),B1
The_theory_of_everything(2014),B2
The_usual_suspects(1995),B2
Titanic(1997),B2
Toy_story(1995),A2/A2+
Twilight(2008),A2/A2+
Up (2009),A2/A2+
Venom(2018),B2
Warm_bodies(2013),B1
We_are_the_Millers(2013),B1
While_You_Were_Sleeping(1995),B1
Zootopia(2016),B2
The Walking Dead-S01E01-Days Gone Bye.English,A2
The Walking Dead-S01E02-Guts.English,A2
The Walking Dead-S01E03-Tell It To The Frogs.English,A2
The Walking Dead-S01E04-Vatos.English,A2
The Walking Dead-S01E05-Wildfire.English,A2
The Walking Dead-S01E06-TS-19.English,A2
AmericanBeauty1999.BRRip,B1
Angelas.Christmas.Wish.2020,B1
Indiana Jones And The Last Crusade DVDRip Xvid -IZON-,B1
mechanic-resurrection_,B1
Men.In.Black.1997.720p.Bluray.x264-SEPTiC,B1
Rat.Race.2001.1080p.WEB-DL.DD5.1.H264-FGT,B1
Seven.Worlds.One.Planet.S01E01.2160p.BluRay.Remux.eng,B1
Seven.Worlds.One.Planet.S01E02.2160p.BluRay.Remux.eng,B1
Seven.Worlds.One.Planet.S01E03.2160p.BluRay.Remux.eng,B1
Seven.Worlds.One.Planet.S01E04.2160p.BluRay.Remux.eng,B1
Seven.Worlds.One.Planet.S01E05.2160p.BluRay.Remux.eng,B1
Seven.Worlds.One.Planet.S01E06.2160p.BluRay.Remux.eng,B1
Seven.Worlds.One.Planet.S01E07.2160p.BluRay.Remux.eng,B1
Spirit.Stallion.of.the.Cimarron.EN,B1
Terminator_2_Judgment_Day_1991_roNy,B1
Valentine's.Day.2010.Subtitles.YIFY,B1
Angela's.Christmas.2018.WEBRip.Netflix,B2
Collateral.Beauty.2016.720p.BRRip.x264.AAC-ETRG,B2
Crazy4TV.com - Suits.S06E01.720p.BluRay.x265.HEVC.Crazy4ad,B2
Crazy4TV.com - Suits.S06E02.720p.BluRay.x265.HEVC.Crazy4ad,B2
Crazy4TV.com - Suits.S06E03.720p.BluRay.x265.HEVC.Crazy4ad,B2
Crazy4TV.com - Suits.S06E04.720p.BluRay.x265.HEVC.Crazy4ad,B2
Crazy4TV.com - Suits.S06E05.720p.BluRay.x265.HEVC.Crazy4ad,B2
Crazy4TV.com - Suits.S06E06.720p.BluRay.x265.HEVC.Crazy4ad,B2
Crazy4TV.com - Suits.S06E07.720p.BluRay.x265.HEVC.Crazy4ad,B2
Crazy4TV.com - Suits.S06E08.720p.BluRay.x265.HEVC.Crazy4ad,B2
Crazy4TV.com - Suits.S06E09.720p.BluRay.x265.HEVC.Crazy4ad,B2
Crazy4TV.com - Suits.S06E10.720p.BluRay.x265.HEVC.Crazy4ad,B2
Crazy4TV.com - Suits.S06E11.720p.BluRay.x265.HEVC.Crazy4ad,B2
Crazy4TV.com - Suits.S06E12.720p.BluRay.x265.HEVC.Crazy4ad,B2
Crazy4TV.com - Suits.S06E13.720p.BluRay.x265.HEVC.Crazy4ad,B2
Crazy4TV.com - Suits.S06E14.720p.BluRay.x265.HEVC.Crazy4ad,B2
Crazy4TV.com - Suits.S06E15.720p.BluRay.x265.HEVC.Crazy4ad,B2
Crazy4TV.com - Suits.S06E16.720p.BluRay.x265.HEVC.Crazy4ad,B2
Ghosts.of.Girlfriends.Past.2009.BluRay.720p.x264.YIFY,B2
Roman Holiday 1953 1080p WEBRip HEVC AAC,B2
Secrets Of Her Majesty's Secret Service eng,B2
SOMM.Into.the.Bottle.2015.1080p.BluRay.x265-RARBG.en.srt,B2
Suits.Episode 1- Denial,B2
Suits.Episode 10- Faith,B2
Suits.Episode 11- Blowback,B2
Suits.Episode 12- Live to Fight,B2
Suits.Episode 13- God's Green Earth,B2
Suits.Episode 14- Self Defense,B2
Suits.Episode 15- Tick Tock,B2
Suits.Episode 16- 25th Hour,B2
Suits.Episode 2- Compensation,B2
Suits.Episode 3- No Refills,B2
Suits.Episode 4- No Puedo Hacerlo,B2
Suits.Episode 5- Toe to Toe,B2
Suits.Episode 6- Privilege,B2
Suits.Episode 7- Hitting Home,B2
Suits.Episode 8- Mea Culpa,B2
Suits.Episode 9- Uninvited Guests,B2
Suits.S01E01.1080p.BluRay.AAC5.1.x265-DTG.02.EN,B2
Suits.S01E02.1080p.BluRay.AAC5.1.x265-DTG.02.EN,B2
Suits.S01E03.1080p.BluRay.AAC5.1.x265-DTG.02.EN,B2
Suits.S01E04.1080p.BluRay.AAC5.1.x265-DTG.02.EN,B2
Suits.S01E05.1080p.BluRay.AAC5.1.x265-DTG.02.EN,B2
Suits.S01E06.1080p.BluRay.AAC5.1.x265-DTG.02.EN,B2
Suits.S01E07.1080p.BluRay.AAC5.1.x265-DTG.02.EN,B2
Suits.S01E08.1080p.BluRay.AAC5.1.x265-DTG.02.EN,B2
Suits.S01E09.1080p.BluRay.AAC5.1.x265-DTG.02.EN,B2
Suits.S01E10.1080p.BluRay.AAC5.1.x265-DTG.02.EN,B2
Suits.S01E11.1080p.BluRay.AAC5.1.x265-DTG.02.EN,B2
Suits.S01E12.1080p.BluRay.AAC5.1.x265-DTG.02.EN,B2
Suits.S02E01.HDTV.x264-AVS,B2
Suits.S02E02.HDTV.x264-ASAP,B2
Suits.S02E03.HDTV.x264-ASAP,B2
Suits.S02E04.HDTV.x264-ASAP,B2
Suits.S02E05.iNTERNAL.HDTV.x264-2HD,B2
Suits.S02E06.All.In.HDTV.x264-FQM,B2
Suits.S02E07.Sucker.Punch.PROPER.HDTV.x264-FQM,B2
Suits.S02E08.HDTV.x264-EVOLVE,B2
Suits.S02E09.HDTV.x264-ASAP,B2
Suits.S02E10.HDTV.x264-ASAP,B2
Suits.S02E11.HDTV.x264-ASAP,B2
Suits.S02E12.HDTV.x264-ASAP,B2
Suits.S02E13.REPACK.HDTV.x264-2HD,B2
Suits.S02E14.HDTV.x264-ASAP,B2
Suits.S02E15.HDTV.x264-ASAP,B2
Suits.S02E16.HDTV.x264-2HD,B2
The.Notebook.DVDRip.XviD-DiAMOND,B2
z srt23 uk-bun Gullivers.Travels.1939.720p.BluRay.x264-CiNEFiLE,B2
Downton Abbey - S01E01 - Episode 1.eng.SDH,C1
Downton Abbey - S01E02 - Episode 2.eng.SDH,C1
Downton Abbey - S01E03 - Episode 3.eng.SDH,C1
Downton Abbey - S01E04 - Episode 4.eng.SDH,C1
Downton Abbey - S01E05 - Episode 5.eng.SDH,C1
Downton Abbey - S01E06 - Episode 6.eng.SDH,C1
Downton Abbey - S01E07 - Episode 7.eng.SDH,C1
Suits S04E01 EngSub,C1
Suits S04E02 EngSub,C1
Suits S04E03 EngSub,C1
Suits S04E04 EngSub,C1
Suits S04E05 EngSub,C1
Suits S04E06 EngSub,C1
Suits S04E07 EngSub,C1
Suits S04E08 EngSub,C1
Suits S04E09 EngSub,C1
Suits S04E10 EngSub,C1
Suits S04E11 EngSub,C1
Suits S04E12 EngSub,C1
Suits S04E13 EngSub,C1
Suits S04E14 EngSub,C1
Suits S04E15 EngSub,C1
Suits S04E16 EngSub,C1
Suits.S03E01.480pHDTV.x264-mSD,C1
Suits.S03E02.720pHDTV.x264-mSD,C1
Suits.S03E03.480pHDTV.x264-mSD,C1
Suits.S03E04.480pHDTV.x264-mSD,C1
Suits.S03E05.480p.HDTV.x264-mSD,C1
Suits.S03E06.720p.HDTV.x264-mSD,C1
Suits.S03E07.HDTV.x264-mSD,C1
Suits.S03E08.480p.HDTV.x264-mSD,C1
Suits.S03E09.480p.HDTV.x264-mSD,C1
Suits.S03E10.HDTV.x264-mSD,C1
Glass Onion,B2
Matilda(2022),C1
Bullet train,B1
Thor: love and thunder,B2
Lightyear,B2
The Grinch,B1
